"id","file_path","name"
"1","c:\jboss-4.0.4\server\default\data/photo/gruby","1.jpg"
"2","c:\jboss-4.0.4\server\default\data/photo/gruby","2.jpg"
"3","c:\jboss-4.0.4\server\default\data/photo/gruby","3.jpg"
"4","c:\jboss-4.0.4\server\default\data/photo/gruby","4.jpg"
"5","c:\jboss-4.0.4\server\default\data/photo/gruby","5.jpg"
"6","c:\jboss-4.0.4\server\default\data/photo/gruby","6.jpg"
"7","c:\jboss-4.0.4\server\default\data/photo/gruby","7.jpg"
"8","c:\jboss-4.0.4\server\default\data/photo/gruby","8.jpg"
"9","c:\jboss-4.0.4\server\default\data/photo/gruby","9.jpg"
"10","c:\jboss-4.0.4\server\default\data/photo/gruby","10.jpg"
"11","c:\jboss-4.0.4\server\default\data/photo/gruby","11.jpg"
"12","c:\jboss-4.0.4\server\default\data/photo/gruby","12.jpg"
"13","c:\jboss-4.0.4\server\default\data/photo/gruby","13.jpg"
"14","c:\jboss-4.0.4\server\default\data/photo/gruby","14.jpg"
"15","c:\jboss-4.0.4\server\default\data/photo/gruby","15.jpg"
"16","c:\jboss-4.0.4\server\default\data/photo/gruby","16.jpg"
"17","c:\jboss-4.0.4\server\default\data/photo/gruby","17.jpg"
"18","c:\jboss-4.0.4\server\default\data/photo/gruby","18.jpg"
"19","c:\jboss-4.0.4\server\default\data/photo/gruby","19.jpg"
"20","c:\jboss-4.0.4\server\default\data/photo/gruby","20.jpg"
"21","c:\jboss-4.0.4\server\default\data/photo/gruby","21.jpg"
"22","c:\jboss-4.0.4\server\default\data/photo/gruby","22.jpg"
"23","c:\jboss-4.0.4\server\default\data/photo/demo","23.jpg"
"24","c:\jboss-4.0.4\server\default\data/photo/demo","24.jpg"
"25","c:\jboss-4.0.4\server\default\data/photo/demo","25.jpg"
"26","c:\jboss-4.0.4\server\default\data/photo/demo","26.jpg"
"27","c:\jboss-4.0.4\server\default\data/photo/demo","27.jpg"
"28","c:\jboss-4.0.4\server\default\data/photo/demo","28.jpg"
"29","c:\jboss-4.0.4\server\default\data/photo/demo","29.jpg"
"30","c:\jboss-4.0.4\server\default\data/photo/demo","30.jpg"
"31","c:\jboss-4.0.4\server\default\data/photo/demo","31.jpg"
"32","c:\jboss-4.0.4\server\default\data/photo/demo","32.jpg"
"33","c:\jboss-4.0.4\server\default\data/photo/demo","33.jpg"
"34","c:\jboss-4.0.4\server\default\data/photo/demo","34.jpg"
"35","c:\jboss-4.0.4\server\default\data/photo/demo","35.jpg"
"36","c:\jboss-4.0.4\server\default\data/photo/demo","36.jpg"
"37","c:\jboss-4.0.4\server\default\data/photo/demo","37.jpg"
"38","c:\jboss-4.0.4\server\default\data/photo/demo","38.jpg"
"39","c:\jboss-4.0.4\server\default\data/photo/demo","39.jpg"
"40","c:\jboss-4.0.4\server\default\data/photo/demo","40.jpg"
"41","c:\jboss-4.0.4\server\default\data/photo/demo","41.jpg"
"42","c:\jboss-4.0.4\server\default\data/photo/demo","42.jpg"
"43","c:\jboss-4.0.4\server\default\data/photo/demo","43.jpg"
"44","c:\jboss-4.0.4\server\default\data/photo/demo","44.jpg"
"45","c:\jboss-4.0.4\server\default\data/photo/demo","45.jpg"
"46","c:\jboss-4.0.4\server\default\data/photo/demo","46.jpg"
"47","c:\jboss-4.0.4\server\default\data/photo/demo","47.jpg"
"48","c:\jboss-4.0.4\server\default\data/photo/demo","48.jpg"
"49","c:\jboss-4.0.4\server\default\data/photo/demo","49.jpg"
"50","c:\jboss-4.0.4\server\default\data/photo/demo","50.jpg"
"51","c:\jboss-4.0.4\server\default\data/photo/demo","51.jpg"
"52","c:\jboss-4.0.4\server\default\data/photo/demo","52.jpg"
"53","c:\jboss-4.0.4\server\default\data/photo/demo","53.jpg"
"54","c:\jboss-4.0.4\server\default\data/photo/demo","54.jpg"
"55","c:\jboss-4.0.4\server\default\data/photo/demo","55.jpg"
"56","c:\jboss-4.0.4\server\default\data/photo/demo","56.jpg"
"57","c:\jboss-4.0.4\server\default\data/photo/demo","57.jpg"
"58","c:\jboss-4.0.4\server\default\data/photo/demo","58.jpg"
"59","c:\jboss-4.0.4\server\default\data/photo/demo","59.jpg"
"60","c:\jboss-4.0.4\server\default\data/photo/demo","60.jpg"
"61","c:\jboss-4.0.4\server\default\data/photo/demo","61.jpg"
"62","c:\jboss-4.0.4\server\default\data/photo/demo","62.jpg"
"63","c:\jboss-4.0.4\server\default\data/photo/demo","63.jpg"
"64","c:\jboss-4.0.4\server\default\data/photo/demo","64.jpg"
"65","c:\jboss-4.0.4\server\default\data/photo/demo","65.jpg"
"66","c:\jboss-4.0.4\server\default\data/photo/demo","66.jpg"
"67","c:\jboss-4.0.4\server\default\data/photo/demo","67.jpg"
"68","c:\jboss-4.0.4\server\default\data/photo/demo","68.jpg"
"69","c:\jboss-4.0.4\server\default\data/photo/demo","69.jpg"
"70","c:\jboss-4.0.4\server\default\data/photo/demo","70.jpg"
"71","c:\jboss-4.0.4\server\default\data/photo/demo","71.jpg"
"72","c:\jboss-4.0.4\server\default\data/photo/demo","72.jpg"
"73","c:\jboss-4.0.4\server\default\data/photo/demo","73.jpg"
"74","c:\jboss-4.0.4\server\default\data/photo/demo","74.jpg"
"75","c:\jboss-4.0.4\server\default\data/photo/demo","75.jpg"
"76","c:\jboss-4.0.4\server\default\data/photo/demo","76.jpg"
"77","c:\jboss-4.0.4\server\default\data/photo/demo","77.jpg"
"78","c:\jboss-4.0.4\server\default\data/photo/demo","78.jpg"
"79","c:\jboss-4.0.4\server\default\data/photo/demo","79.jpg"
"80","c:\jboss-4.0.4\server\default\data/photo/demo","80.jpg"
"81","c:\jboss-4.0.4\server\default\data/photo/demo","81.jpg"
"82","c:\jboss-4.0.4\server\default\data/photo/demo","82.jpg"
"83","c:\jboss-4.0.4\server\default\data/photo/demo","83.jpg"
"84","c:\jboss-4.0.4\server\default\data/photo/demo","84.jpg"
"85","c:\jboss-4.0.4\server\default\data/photo/demo","85.jpg"
"86","c:\jboss-4.0.4\server\default\data/photo/demo","86.jpg"
"87","c:\jboss-4.0.4\server\default\data/photo/demo","87.jpg"
"88","c:\jboss-4.0.4\server\default\data/photo/demo","88.jpg"
"89","c:\jboss-4.0.4\server\default\data/photo/demo","89.jpg"
"90","c:\jboss-4.0.4\server\default\data/photo/demo","90.jpg"
"91","c:\jboss-4.0.4\server\default\data/photo/demo","91.jpg"
"92","c:\jboss-4.0.4\server\default\data/photo/demo","92.jpg"
"93","c:\jboss-4.0.4\server\default\data/photo/demo","93.jpg"
"94","c:\jboss-4.0.4\server\default\data/photo/rgruby","94.jpg"
"95","c:\jboss-4.0.4\server\default\data/photo/rgruby","95.jpg"
"96","c:\jboss-4.0.4\server\default\data/photo/rgruby","96.jpg"
"97","c:\jboss-4.0.4\server\default\data/photo/rgruby","97.jpg"
"98","c:\jboss-4.0.4\server\default\data/photo/rgruby","98.jpg"
"99","c:\jboss-4.0.4\server\default\data/photo/rgruby","99.jpg"
"100","c:\jboss-4.0.4\server\default\data/photo/rgruby","100.jpg"
"101","c:\jboss-4.0.4\server\default\data/photo/rgruby","101.jpg"
"102","c:\jboss-4.0.4\server\default\data/photo/rgruby","102.jpg"
"103","c:\jboss-4.0.4\server\default\data/photo/rgruby","103.jpg"
"104","c:\jboss-4.0.4\server\default\data/photo/rgruby","104.jpg"
"105","c:\jboss-4.0.4\server\default\data/photo/rgruby","105.jpg"
"106","c:\jboss-4.0.4\server\default\data/photo/gt-ed","106.jpg"
"107","c:\jboss-4.0.4\server\default\data/photo/gt-ed","107.jpg"
"108","c:\jboss-4.0.4\server\default\data/photo/gt-ed","108.jpg"
"109","c:\jboss-4.0.4\server\default\data/photo/gt-ed","109.jpg"
"110","c:\jboss-4.0.4\server\default\data/photo/gt-ed","110.jpg"
"111","c:\jboss-4.0.4\server\default\data/photo/gt-ed","111.jpg"
"112","c:\jboss-4.0.4\server\default\data/photo/gt-ed","112.jpg"
"113","c:\jboss-4.0.4\server\default\data/photo/gt-ed","113.jpg"
"114","c:\jboss-4.0.4\server\default\data/photo/gt-ed","114.jpg"
"115","c:\jboss-4.0.4\server\default\data/photo/gt-ed","115.jpg"
"116","c:\jboss-4.0.4\server\default\data/photo/gt-ed","116.jpg"
"117","c:\jboss-4.0.4\server\default\data/photo/gt-ed","117.jpg"
"118","c:\jboss-4.0.4\server\default\data/photo/gt-ed","118.jpg"
"119","c:\jboss-4.0.4\server\default\data/photo/gt-ed","119.jpg"
"120","c:\jboss-4.0.4\server\default\data/photo/gt-ed","120.jpg"
"121","c:\jboss-4.0.4\server\default\data/photo/gt-ed","121.jpg"
"122","c:\jboss-4.0.4\server\default\data/photo/gt-ed","122.jpg"
"123","c:\jboss-4.0.4\server\default\data/photo/gt-ed","123.jpg"
"124","c:\jboss-4.0.4\server\default\data/photo/gt-ed","124.jpg"
"125","c:\jboss-4.0.4\server\default\data/photo/gt-ed","125.jpg"
"126","c:\jboss-4.0.4\server\default\data/photo/gt-ed","126.jpg"
"127","c:\jboss-4.0.4\server\default\data/photo/gt-ed","127.jpg"
"128","c:\jboss-4.0.4\server\default\data/photo/gt-ed","128.jpg"
"129","c:\jboss-4.0.4\server\default\data/photo/gt-ed","129.jpg"
"130","c:\jboss-4.0.4\server\default\data/photo/gt-ed","130.jpg"
"131","c:\jboss-4.0.4\server\default\data/photo/gt-ed","131.jpg"
"132","c:\jboss-4.0.4\server\default\data/photo/gt-ed","132.jpg"
"133","c:\jboss-4.0.4\server\default\data/photo/gt-ed","133.jpg"
"134","c:\jboss-4.0.4\server\default\data/photo/gt-ed","134.jpg"
"135","c:\jboss-4.0.4\server\default\data/photo/gt-ed","135.png"
"136","c:\jboss-4.0.4\server\default\data/photo/gt-ed","136.jpg"
"137","c:\jboss-4.0.4\server\default\data/photo/gt-ed","137.jpg"
"138","c:\jboss-4.0.4\server\default\data/photo/gt-ed","138.jpg"
